{
    "10": 86.01990509033203,
    "11": 12.251663208007812,
    "12": 754.3509521484375,
    "13": 375.9385681152344,
    "15": 274.67144775390625,
    "16": 550.8464965820312,
    "17": 399.6381530761719,
    "18": 322.0935363769531,
    "19": 350.31982421875,
    "20": 404.27923583984375,
    "21": 409.1167907714844,
    "22": 622.5864868164062,
    "23": 409.9902038574219,
    "24": 425.6171569824219,
    "25": 262.2811584472656,
    "26": 860.9668579101562,
    "27": 535.7445068359375,
    "28": 464.6533508300781,
    "29": 464.0402526855469,
    "30": 601.8699951171875,
    "31": 431.4661865234375,
    "32": 479.1321105957031,
    "33": 164.916015625,
    "34": 160.57501220703125,
    "35": 486.0141296386719,
    "36": 504.31353759765625,
    "37": 690.007568359375,
    "38": 361.953369140625,
    "39": 318.0241394042969,
    "40": 489.92449951171875,
    "41": 458.4875793457031,
    "42": 311.2681579589844,
    "44": 87.97248077392578,
    "45": 277.8816223144531,
    "46": 411.2425842285156,
    "47": 408.9991149902344,
    "48": 1196.9332275390625,
    "49": 402.8717346191406,
    "50": 163.86190795898438,
    "51": 560.1503295898438,
    "53": 695.8892211914062,
    "54": 350.359130859375,
    "55": 459.3045959472656,
    "56": 413.43310546875,
    "04": 474.202880859375,
    "02": 1623.8436279296875,
    "08": 428.1205749511719,
    "06": 825.7122802734375,
    "05": 409.86614990234375,
    "01": 376.2792663574219,
    "09": 110.87028503417969
}
